Name,Nationality,Club,Club_Position,Rating,Height,Weight,Preffered_Foot,Birth_Date,Age,Preffered_Position,Work_Rate,Weak_foot,Skill_Moves,Ball_Control,Dribbling,Marking,Sliding_Tackle,Standing_Tackle,Aggression,Reactions,Attacking_Position,Interceptions,Vision,Composure,Crossing,Short_Pass,Long_Pass,Acceleration,Speed,Stamina,Strength,Balance,Agility,Jumping,Heading,Shot_Power,Finishing,Long_Shots,Curve,Freekick_Accuracy,Penalties,Volleys,GK_Positioning,GK_Diving,GK_Kicking,GK_Handling,GK_Reflexes
Cristiano Ronaldo,Portugal,Real Madrid,LW,94,185,80,Right,02/05/1985,32,LW/ST,High / Low,4,5,93,92,22,23,31,63,96,94,29,85,86,84,83,77,91,92,92,80,63,90,95,85,92,93,90,81,76,85,88,14,7,15,11,11
Lionel Messi,Argentina,FC Barcelona,RW,93,170,72,Left,06/24/1987,29,RW,Medium / Medium,4,4,95,97,13,26,28,48,95,93,22,90,94,77,88,87,92,87,74,59,95,90,68,71,85,95,88,89,90,74,85,14,6,15,11,8
Neymar,Brazil,FC Barcelona,LW,92,174,68,Right,02/05/1992,25,LW,High / Medium,5,5,95,96,21,33,24,56,88,90,36,80,80,75,81,75,93,90,79,49,82,96,61,62,78,89,77,79,84,81,83,15,9,15,9,11
Luis Suárez,Uruguay,FC Barcelona,ST,92,182,85,Right,01/24/1987,30,ST,High / Medium,4,4,91,86,30,38,45,78,93,92,41,84,83,77,83,64,88,77,89,76,60,86,69,77,87,94,86,86,84,85,88,33,27,31,25,37
Manuel Neuer,Germany,FC Bayern,GK,92,193,92,Right,03/27/1986,31,GK,Medium / Medium,4,1,48,30,10,11,10,29,85,12,30,70,70,15,55,59,58,61,44,83,35,52,78,25,25,13,16,14,11,47,11,91,89,95,90,89
De Gea,Spain,Manchester Utd,GK,90,193,82,Right,11/07/1990,26,GK,Medium / Medium,3,1,31,13,13,13,21,38,88,12,30,68,60,17,31,32,56,56,25,64,43,57,67,21,31,13,12,21,19,40,13,86,88,87,85,90
Robert Lewandowski,Poland,FC Bayern,ST,90,185,79,Right,08/21/1988,28,ST,High / Medium,4,3,87,85,25,19,42,80,88,89,39,78,87,62,83,65,79,82,79,84,79,78,84,85,86,91,82,77,76,81,86,8,15,12,6,10
Gareth Bale,Wales,Real Madrid,RW,90,183,74,Left,07/16/1989,27,RW,High / Medium,3,4,88,89,51,52,55,65,87,86,59,79,85,87,86,80,93,95,78,80,65,77,85,86,91,87,90,86,85,76,76,5,15,11,15,6
Zlatan Ibrahimović,Sweden,Manchester Utd,ST,90,195,95,Right,10/03/1981,35,ST,Medium / Low,4,4,90,87,15,27,41,84,85,86,20,83,91,76,84,76,69,74,75,93,41,86,72,80,93,90,88,82,82,91,93,9,13,10,15,12
Thibaut Courtois,Belgium,Chelsea,GK,89,199,91,Left,05/11/1992,24,GK,Medium / Medium,3,1,23,13,11,16,18,23,81,13,15,44,52,14,32,31,46,52,38,70,45,61,68,13,36,14,17,19,11,27,12,86,84,69,91,89
Jérôme Boateng,Germany,FC Bayern,Sub,89,192,90,Right,09/03/1988,28,CB,Medium / Medium,4,2,72,67,90,91,92,82,84,47,84,76,86,69,75,80,74,81,75,91,54,58,75,86,79,34,58,56,31,46,53,6,7,15,12,5
Eden Hazard,Belgium,Chelsea,LW,89,173,74,Right,01/07/1991,26,LW/LM,High / Medium,4,4,91,93,25,22,27,54,85,85,41,86,86,80,84,80,93,87,77,65,90,92,59,57,79,81,82,82,79,86,79,8,11,6,12,8
Luka Modrić,Croatia,Real Madrid,RCM,89,174,65,Right,09/09/1985,31,CM/CDM,High / Medium,4,4,92,86,66,73,80,62,88,79,76,90,76,78,92,83,77,71,83,58,94,93,67,55,73,71,82,79,77,80,74,14,13,7,9,9
Mesut Özil,Germany,Arsenal,CAM,89,180,76,Left,10/15/1988,28,CAM/LW,Medium / Low,2,4,90,86,22,19,16,48,87,84,24,93,73,82,89,84,77,68,68,56,70,84,52,54,70,75,76,84,79,67,77,6,6,10,14,14
Gonzalo Higuaín,Argentina,Juventus,ST,89,184,92,Right,12/10/1987,29,ST,High / Medium,4,3,85,84,12,18,22,50,86,92,20,70,84,68,73,59,79,81,73,85,69,75,77,80,86,92,80,74,62,70,88,5,5,7,12,10
Thiago Silva,Brazil,PSG,LCB,89,183,79,Right,09/22/1984,32,CB,High / High,3,3,80,68,90,89,91,77,84,59,91,74,80,60,79,81,72,76,74,81,68,75,93,82,78,38,71,61,73,71,63,9,9,5,12,10
Sergio Ramos,Spain,Real Madrid,LCB,89,183,75,Right,03/30/1986,31,CB,High / Medium,3,3,83,61,85,90,89,84,82,52,88,63,76,66,76,70,77,78,84,81,60,80,92,90,79,60,55,73,67,68,66,7,11,9,8,11
Sergio Agüero,Argentina,Manchester City,ST,89,173,70,Right,06/02/1988,28,ST,High / Medium,4,4,89,89,13,12,20,57,88,91,24,83,90,70,79,63,92,86,74,73,90,86,80,68,87,90,84,82,72,80,85,11,13,6,15,14
Paul Pogba,France,Manchester Utd,LCM,88,191,84,Right,03/15/1993,24,CM/CAM,High / Medium,4,5,90,89,68,76,75,72,86,84,70,86,83,78,85,87,75,79,91,91,61,79,85,73,90,71,88,82,82,76,84,4,5,2,6,3
Antoine Griezmann,France,Atlético Madrid,RS,88,176,67,Left,03/21/1991,26,ST/LW,High / Medium,3,4,86,87,23,11,22,69,90,91,35,76,81,82,79,75,87,86,75,61,80,90,87,80,81,88,82,84,75,71,87,13,14,14,8,14
Kevin De Bruyne,Belgium,Manchester City,RCM,88,181,68,Right,06/28/1991,25,CAM/RM/LM,High / High,4,4,86,85,30,40,39,68,88,84,52,88,84,90,89,82,76,78,85,73,75,78,65,53,85,83,86,81,84,77,82,10,15,5,13,13
Marco Reus,Germany,Bor. Dortmund,LW,88,182,76,Right,05/31/1989,27,LM/CAM,Medium / Medium,4,4,85,86,30,46,36,49,87,87,50,86,82,83,86,79,89,91,73,67,82,87,72,51,87,84,85,90,84,84,88,13,12,13,12,11
Alexis Sánchez,Chile,Arsenal,ST,88,169,62,Right,12/19/1988,28,ST/RM,High / High,3,4,86,89,30,35,39,80,87,86,42,82,82,80,80,73,88,84,85,72,87,90,85,70,84,85,81,78,78,77,83,12,10,15,10,13
Toni Kroos,Germany,Real Madrid,LCM,88,182,78,Right,01/04/1990,27,CM/CDM,Medium / Medium,5,3,85,78,63,65,75,60,85,76,77,88,85,85,89,93,55,37,78,74,62,70,34,54,87,75,88,85,84,73,82,7,10,13,11,10
Diego Godín,Uruguay,Atlético Madrid,LCB,88,185,73,Right,02/16/1986,31,CB,Medium / High,3,2,76,53,87,89,86,86,85,48,88,52,80,55,79,70,62,67,69,80,58,63,89,92,67,42,43,49,51,50,47,5,6,15,8,15
Mats Hummels,Germany,FC Bayern,LCB,88,191,92,Right,12/16/1988,28,CB,High / Medium,3,2,77,68,85,87,92,66,85,56,89,79,91,64,78,82,62,65,66,85,58,64,68,90,71,55,51,65,53,68,60,5,15,10,6,6
Hugo Lloris,France,Spurs,GK,88,188,82,Left,12/26/1986,30,GK,Medium / Medium,1,1,34,10,12,18,10,31,84,10,27,30,64,13,27,31,65,63,41,43,54,55,74,10,23,10,14,11,10,40,11,82,87,68,87,90
Giorgio Chiellini,Italy,Juventus,LCB,88,187,84,Left,08/14/1984,32,CB,Low / High,2,2,55,56,92,90,92,90,78,28,88,50,78,58,55,59,69,79,69,91,65,59,89,80,78,33,49,60,31,50,45,4,3,2,3,3
Philipp Lahm,Germany,FC Bayern,RB,88,170,66,Right,11/11/1983,33,RB/CM,Medium / High,3,3,86,82,86,95,87,58,91,69,93,82,94,84,86,77,68,67,79,59,93,82,72,63,57,47,65,77,59,69,66,14,11,5,12,5
Pepe,Portugal,Real Madrid,RCB,88,188,81,Right,02/26/1983,34,CB,Medium / High,3,2,62,58,88,89,87,94,84,40,88,48,68,46,70,61,65,75,64,84,49,63,76,82,63,46,56,44,47,57,23,9,8,5,15,10
Petr Čech,Czech Republic,Arsenal,GK,88,196,90,Left,05/20/1982,34,GK,Medium / Medium,3,1,22,12,11,12,13,17,86,13,23,53,70,19,35,33,42,50,32,65,34,49,51,19,21,12,11,13,19,23,17,85,83,77,90,85
Gianluigi Buffon,Italy,Juventus,GK,88,192,91,Right,01/28/1978,39,GK,Medium / Medium,2,1,28,26,10,11,11,38,80,12,28,50,80,13,37,35,49,43,39,69,49,55,75,13,39,15,13,20,13,22,17,90,87,68,88,84
Iniesta,Spain,FC Barcelona,LM,88,171,68,Right,05/11/1984,32,CM,High / Medium,4,4,93,90,57,56,57,58,88,85,68,94,88,79,92,86,74,73,64,59,86,82,54,54,65,73,74,80,70,71,74,13,6,6,13,7
Jan Oblak,Slovenia,Atlético Madrid,GK,87,189,87,Right,01/07/1993,24,GK,Medium / Medium,3,1,16,12,14,18,12,34,84,11,19,55,55,13,29,26,43,60,41,78,49,67,76,15,22,11,12,13,14,11,13,87,83,77,90,82
James Rodríguez,Colombia,Real Madrid,CAM,87,180,75,Left,07/12/1991,25,CAM/RM,Medium / Low,3,4,85,84,25,30,42,65,84,80,55,86,79,88,84,80,77,75,68,70,73,82,54,62,86,82,91,87,86,81,91,5,15,15,15,14
Pierre-Emerick Aubameyang,Gabon,Bor. Dortmund,ST,87,187,80,Right,06/18/1989,27,ST/RM,Medium / Low,4,3,82,82,28,36,25,45,87,89,48,77,79,77,77,64,95,96,79,77,69,80,77,79,81,88,79,78,74,82,86,9,6,15,9,9
Leonardo Bonucci,Italy,Juventus,RCB,87,190,85,Right,05/01/1987,29,CB,Low / High,3,2,75,68,84,88,88,82,84,38,90,74,82,44,75,83,65,75,73,85,55,61,85,84,74,37,65,56,61,70,55,2,2,3,2,4
Arturo Vidal,Chile,FC Bayern,LDM,87,180,75,Right,05/22/1987,29,CM/CDM,High / High,4,3,83,76,76,84,89,91,89,80,89,80,86,76,84,82,77,74,93,79,77,75,82,81,84,77,85,76,68,84,78,2,4,4,2,4
Ivan Rakitić,Croatia,FC Barcelona,CAM,87,184,78,Right,03/10/1988,29,CM,Medium / Medium,3,3,87,84,52,53,65,67,79,80,69,87,81,81,87,92,67,65,76,63,66,71,51,58,84,83,88,88,84,78,80,5,14,12,11,9
David Silva,Spain,Manchester City,LCM,87,173,67,Left,01/08/1986,31,CAM/LM,High / Low,2,4,90,85,23,29,42,51,84,81,41,92,92,85,91,78,72,65,68,56,88,92,66,54,71,70,74,83,77,77,80,1,1,1,1,1
Samir Handanovič,Slovenia,Inter,GK,87,193,89,Right,07/14/1984,32,GK,Medium / Medium,2,1,24,18,17,13,10,25,83,12,22,41,72,12,36,34,54,57,41,71,36,42,78,10,22,10,19,12,14,23,12,86,86,69,89,86
Piqué,Spain,FC Barcelona,RCB,87,193,85,Right,02/02/1987,30,CB,High / Medium,3,2,78,59,86,86,87,72,84,58,88,62,76,57,81,80,56,73,69,83,44,58,74,83,62,64,51,58,43,69,57,15,10,14,11,8
Arjen Robben,Netherlands,FC Bayern,RM,87,180,80,Left,01/23/1984,33,RM/RW,High / Low,2,4,89,91,29,26,26,47,87,85,39,83,86,80,84,71,87,86,68,65,91,89,61,51,86,84,88,86,83,80,86,5,10,11,8,15
Paulo Dybala,Argentina,Juventus,CAM,86,177,74,Left,11/15/1993,23,ST/CAM,Medium / Medium,3,4,91,91,14,20,20,48,85,85,24,82,82,78,83,67,91,86,81,65,85,91,75,68,82,88,88,88,82,84,88,5,5,4,4,8
Marco Verratti,Italy,PSG,RCM,86,165,60,Right,11/05/1992,24,CM/CDM,High / High,4,4,87,88,76,79,82,89,87,71,83,86,91,72,90,87,72,64,77,56,94,87,64,55,66,52,58,73,64,64,64,15,12,15,12,10
David Alaba,Austria,FC Bayern,LB,86,180,76,Left,06/24/1992,24,LB/CM,High / Medium,4,3,83,79,81,83,83,69,84,77,85,78,79,82,83,80,86,86,87,69,77,82,82,75,83,63,83,78,83,80,68,15,5,14,7,9
Henrikh Mkhitaryan,Armenia,Manchester Utd,RW,86,177,75,Right,01/21/1989,28,RM/CAM,High / High,5,4,89,87,49,55,53,69,83,83,68,85,67,80,85,73,86,84,85,63,83,88,72,53,87,77,75,83,64,72,81,5,5,14,11,7
Bernd Leno,Germany,Bayer 04,GK,86,190,83,Right,03/04/1992,25,GK,Medium / Medium,4,1,22,16,8,18,15,28,81,7,22,53,62,9,37,33,46,52,43,68,44,52,73,13,23,9,14,9,8,23,10,85,85,76,86,83
Thomas Müller,Germany,FC Bayern,CAM,86,186,75,Right,09/13/1989,27,CF/CAM/ST,High / High,4,3,82,75,31,44,41,57,92,93,58,81,83,74,81,68,76,79,90,67,72,77,81,82,77,87,80,81,59,60,83,14,6,11,7,14
Sergio Busquets,Spain,FC Barcelona,CDM,86,189,76,Right,07/16/1988,28,CDM/CM,Medium / Medium,3,3,80,74,81,80,85,85,82,77,86,84,82,62,88,79,53,33,88,77,55,58,66,68,61,60,54,66,68,60,44,9,5,13,8,13
